{
  "zones": [
    [
      221,
      {
        "owner": "The Old School",
        "capturedAt": 1753475496279,
        "attackableAt": 1753497096279
      }
    ],
    [
      222,
      {
        "owner": "Hall of Malevolence",
        "capturedAt": 1753445090193,
        "attackableAt": 1753463090193
      }
    ],
    [
      21,
      {
        "owner": "Chaos Cartel",
        "capturedAt": 1753448089119,
        "attackableAt": 1753466089119
      }
    ],
    [
      200,
      {
        "owner": "Hitman Agency",
        "capturedAt": 1753462089726,
        "attackableAt": 1753483689726
      }
    ],
    [
      216,
      {
        "owner": "The Old School",
        "capturedAt": 1753479627882,
        "attackableAt": 1753501227882
      }
    ],
    [
      189,
      {
        "owner": "Hitman Agency",
        "capturedAt": 1753462453127,
        "attackableAt": 1753484053127
      }
    ],
    [
      75,
      {
        "owner": "gangsters Criminals",
        "capturedAt": 1753389510640,
        "attackableAt": 1753407510640
      }
    ],
    [
      36,
      {
        "owner": "Seamless Gate",
        "capturedAt": 1753435060150,
        "attackableAt": 1753453060150
      }
    ],
    [
      27,
      {
        "owner": "Hall of Malevolence",
        "capturedAt": 1753439686745,
        "attackableAt": 1753457686745
      }
    ],
    [
      62,
      {
        "owner": "gangsters Criminals",
        "capturedAt": 1753388611568,
        "attackableAt": 1753406611568
      }
    ],
    [
      194,
      {
        "owner": "Bring Them Dead",
        "capturedAt": 1753439866838,
        "attackableAt": 1753457866838
      }
    ],
    [
      231,
      {
        "owner": "gangsters Criminals",
        "capturedAt": 1753439198328,
        "attackableAt": 1753457198328
      }
    ],
    [
      152,
      {
        "owner": "The Old School",
        "capturedAt": 1753480019782,
        "attackableAt": 1753501619782
      }
    ],
    [
      217,
      {
        "owner": "The Old School",
        "capturedAt": 1753479561635,
        "attackableAt": 1753501161635
      }
    ],
    [
      119,
      {
        "owner": "Chaos Cartel",
        "capturedAt": 1753452281834,
        "attackableAt": 1753470281834
      }
    ],
    [
      25,
      {
        "owner": "The Cat Family",
        "capturedAt": 1753399860513,
        "attackableAt": 1753421460513
      }
    ],
    [
      98,
      {
        "owner": "Hitman Agency",
        "capturedAt": 1753400043436,
        "attackableAt": 1753421643436
      }
    ],
    [
      118,
      {
        "owner": "gangsters Criminals",
        "capturedAt": 1753438818719,
        "attackableAt": 1753456818719
      }
    ],
    [
      67,
      {
        "owner": "Chaos Cartel",
        "capturedAt": 1753481281244,
        "attackableAt": 1753502881244
      }
    ],
    [
      45,
      {
        "owner": "4FuN",
        "capturedAt": 1753480508683,
        "attackableAt": 1753502108683
      }
    ],
    [
      114,
      {
        "owner": "gangsters Criminals",
        "capturedAt": 1753456845851,
        "attackableAt": 1753474845851
      }
    ],
    [
      134,
      {
        "owner": "Lethal Killers",
        "capturedAt": 1753460941710,
        "attackableAt": 1753482541710
      }
    ],
    [
      174,
      {
        "owner": "The Cat Family",
        "capturedAt": 1753401932775,
        "attackableAt": 1753423532775
      }
    ],
    [
      129,
      {
        "owner": "Seamless Gate",
        "capturedAt": 1753457263280,
        "attackableAt": 1753475263280
      }
    ],
    [
      208,
      {
        "owner": "Hall of Malevolence",
        "capturedAt": 1753400005811,
        "attackableAt": 1753421605811
      }
    ],
    [
      122,
      {
        "owner": "Hitman Agency",
        "capturedAt": 1753461662722,
        "attackableAt": 1753483262722
      }
    ],
    [
      213,
      {
        "owner": "Chaos Cartel",
        "capturedAt": 1753480694891,
        "attackableAt": 1753502294891
      }
    ],
    [
      205,
      {
        "owner": "Hitman Agency",
        "capturedAt": 1753399552079,
        "attackableAt": 1753421152079
      }
    ],
    [
      199,
      {
        "owner": "Chaos Cartel",
        "capturedAt": 1753480755705,
        "attackableAt": 1753502355705
      }
    ],
    [
      123,
      {
        "owner": "Chaos Cartel",
        "capturedAt": 1753480572597,
        "attackableAt": 1753502172597
      }
    ],
    [
      22,
      {
        "owner": "Chaos Cartel",
        "capturedAt": 1753452771237,
        "attackableAt": 1753470771237
      }
    ],
    [
      202,
      {
        "owner": "Hall of Malevolence",
        "capturedAt": 1753439265767,
        "attackableAt": 1753457265767
      }
    ],
    [
      42,
      {
        "owner": "gangsters Criminals",
        "capturedAt": 1753457231294,
        "attackableAt": 1753475231294
      }
    ],
    [
      35,
      {
        "owner": "Chaos Cartel",
        "capturedAt": 1753481211956,
        "attackableAt": 1753502811956
      }
    ],
    [
      34,
      {
        "owner": "gangsters Criminals",
        "capturedAt": 1753389414225,
        "attackableAt": 1753407414225
      }
    ],
    [
      53,
      {
        "owner": "Chaos Cartel",
        "capturedAt": 1753481150880,
        "attackableAt": 1753502750880
      }
    ],
    [
      175,
      {
        "owner": "Seamless Gate",
        "capturedAt": 1753435363266,
        "attackableAt": 1753453363266
      }
    ],
    [
      20,
      {
        "owner": "4FuN",
        "capturedAt": 1753436596015,
        "attackableAt": 1753454596015
      }
    ],
    [
      110,
      {
        "id": 110,
        "owner": "Seamless Gate",
        "capturedAt": 1753279329516,
        "attackableAt": 1753297329516,
        "position": null
      }
    ],
    [
      251,
      {
        "owner": "Crimson Syndicate Family",
        "capturedAt": 1753463132032,
        "attackableAt": 1753484732032
      }
    ],
    [
      145,
      {
        "owner": "Hall of Malevolence",
        "capturedAt": 1753445387880,
        "attackableAt": 1753463387880
      }
    ],
    [
      255,
      {
        "owner": "Seamless Gate",
        "capturedAt": 1753435120596,
        "attackableAt": 1753453120596
      }
    ],
    [
      101,
      {
        "owner": "Hall of Malevolence",
        "capturedAt": 1753401143609,
        "attackableAt": 1753422743609
      }
    ],
    [
      81,
      {
        "owner": "Hitman Agency",
        "capturedAt": 1753399945798,
        "attackableAt": 1753421545798
      }
    ],
    [
      79,
      {
        "owner": "Seamless Gate",
        "capturedAt": 1753400967764,
        "attackableAt": 1753422567764
      }
    ],
    [
      93,
      {
        "owner": "mK - Acta est fabula.",
        "capturedAt": 1753469539056,
        "attackableAt": 1753491139056
      }
    ],
    [
      48,
      {
        "owner": "Hall of Malevolence",
        "capturedAt": 1753400728082,
        "attackableAt": 1753422328082
      }
    ],
    [
      68,
      {
        "owner": "gangsters Criminals",
        "capturedAt": 1753457962728,
        "attackableAt": 1753475962728
      }
    ],
    [
      51,
      {
        "owner": "gangsters Criminals",
        "capturedAt": 1753439324297,
        "attackableAt": 1753457324297
      }
    ],
    [
      50,
      {
        "owner": "Hitman Agency",
        "capturedAt": 1753395924591,
        "attackableAt": 1753417524591
      }
    ],
    [
      66,
      {
        "owner": "edp",
        "capturedAt": 1753460828135,
        "attackableAt": 1753482428135
      }
    ],
    [
      49,
      {
        "owner": "Chaos Cartel",
        "capturedAt": 1753451585956,
        "attackableAt": 1753469585956
      }
    ],
    [
      16,
      {
        "owner": "The Old School",
        "capturedAt": 1753475193919,
        "attackableAt": 1753496793919
      }
    ],
    [
      69,
      {
        "owner": "Lethal Killers",
        "capturedAt": 1753460339949,
        "attackableAt": 1753481939949
      }
    ],
    [
      32,
      {
        "owner": "4FuN",
        "capturedAt": 1753467707729,
        "attackableAt": 1753489307729
      }
    ],
    [
      2,
      {
        "owner": "Hitman Agency",
        "capturedAt": 1753399792977,
        "attackableAt": 1753421392977
      }
    ],
    [
      170,
      {
        "id": 170,
        "owner": "Seamless Gate",
        "capturedAt": 1753366991078,
        "attackableAt": 1753384991078,
        "position": null
      }
    ],
    [
      210,
      {
        "owner": "The Cat Family",
        "capturedAt": 1753390533671,
        "attackableAt": 1753408533671
      }
    ],
    [
      89,
      {
        "owner": "Lethal Killers",
        "capturedAt": 1753460217665,
        "attackableAt": 1753481817665
      }
    ],
    [
      180,
      {
        "owner": "Lethal Killers",
        "capturedAt": 1753460780686,
        "attackableAt": 1753482380686
      }
    ],
    [
      164,
      {
        "owner": "Legacy Arabic Family",
        "capturedAt": 1753464605892,
        "attackableAt": 1753486205892
      }
    ],
    [
      167,
      {
        "owner": "warriorAngels",
        "capturedAt": 1753445478895,
        "attackableAt": 1753463478895
      }
    ],
    [
      165,
      {
        "owner": "Seamless Gate",
        "capturedAt": 1753402031383,
        "attackableAt": 1753423631383
      }
    ],
    [
      163,
      {
        "owner": "Hall of Malevolence",
        "capturedAt": 1753441902119,
        "attackableAt": 1753459902119
      }
    ],
    [
      197,
      {
        "owner": "The Old School",
        "capturedAt": 1753479759132,
        "attackableAt": 1753501359132
      }
    ],
    [
      100,
      {
        "owner": "Lethal Killers",
        "capturedAt": 1753460472157,
        "attackableAt": 1753482072157
      }
    ],
    [
      195,
      {
        "owner": "Crimson Syndicate Family",
        "capturedAt": 1753462945617,
        "attackableAt": 1753484545617
      }
    ],
    [
      116,
      {
        "owner": "Lethal Killers",
        "capturedAt": 1753460531813,
        "attackableAt": 1753482131813
      }
    ],
    [
      226,
      {
        "owner": "Hitman Agency",
        "capturedAt": 1753461844535,
        "attackableAt": 1753483444535
      }
    ],
    [
      224,
      {
        "id": 224,
        "owner": "Seamless Gate",
        "capturedAt": 1753282963464,
        "attackableAt": 1753300963464,
        "position": null
      }
    ],
    [
      177,
      {
        "owner": "Hall of Malevolence",
        "capturedAt": 1753442166598,
        "attackableAt": 1753460166598
      }
    ],
    [
      178,
      {
        "owner": "Lethal Killers",
        "capturedAt": 1753460666594,
        "attackableAt": 1753482266594
      }
    ],
    [
      1,
      {
        "owner": "Hitman Agency",
        "capturedAt": 1753461723238,
        "attackableAt": 1753483323238
      }
    ],
    [
      10,
      {
        "owner": "Hall of Malevolence",
        "capturedAt": 1753439446101,
        "attackableAt": 1753457446101
      }
    ],
    [
      84,
      {
        "owner": "Seamless Gate",
        "capturedAt": 1753451568691,
        "attackableAt": 1753469568691
      }
    ],
    [
      146,
      {
        "owner": "Hall of Malevolence",
        "capturedAt": 1753439205632,
        "attackableAt": 1753457205632
      }
    ],
    [
      225,
      {
        "owner": "The Old School",
        "capturedAt": 1753478744387,
        "attackableAt": 1753500344387
      }
    ],
    [
      166,
      {
        "owner": "Chaos Cartel",
        "capturedAt": 1753480939233,
        "attackableAt": 1753502539233
      }
    ],
    [
      150,
      {
        "owner": "Lethal Killers",
        "capturedAt": 1753460598944,
        "attackableAt": 1753482198944
      }
    ],
    [
      112,
      {
        "owner": "gangsters Criminals",
        "capturedAt": 1753439261270,
        "attackableAt": 1753457261270
      }
    ],
    [
      104,
      {
        "owner": "Seamless Gate",
        "capturedAt": 1753435302870,
        "attackableAt": 1753453302870
      }
    ],
    [
      147,
      {
        "owner": "Hall of Malevolence",
        "capturedAt": 1753401083725,
        "attackableAt": 1753422683725
      }
    ],
    [
      24,
      {
        "owner": "Seamless Gate",
        "capturedAt": 1753458034208,
        "attackableAt": 1753476034208
      }
    ],
    [
      8,
      {
        "owner": "Hall of Malevolence",
        "capturedAt": 1753400406092,
        "attackableAt": 1753422006092
      }
    ],
    [
      254,
      {
        "owner": "4FuN",
        "capturedAt": 1753442853547,
        "attackableAt": 1753460853547
      }
    ],
    [
      76,
      {
        "owner": "gangsters Criminals",
        "capturedAt": 1753464921890,
        "attackableAt": 1753486521890
      }
    ],
    [
      5,
      {
        "owner": "Hall of Malevolence",
        "capturedAt": 1753445273131,
        "attackableAt": 1753463273131
      }
    ],
    [
      58,
      {
        "owner": "Seamless Gate",
        "capturedAt": 1753434819256,
        "attackableAt": 1753452819256
      }
    ],
    [
      64,
      {
        "owner": "gangsters Criminals",
        "capturedAt": 1753389284112,
        "attackableAt": 1753407284112
      }
    ],
    [
      219,
      {
        "owner": "gangsters Criminals",
        "capturedAt": 1753457350429,
        "attackableAt": 1753475350429
      }
    ],
    [
      212,
      {
        "owner": "Hall of Malevolence",
        "capturedAt": 1753445212690,
        "attackableAt": 1753463212690
      }
    ],
    [
      106,
      {
        "owner": "Hitman Agency",
        "capturedAt": 1753461602276,
        "attackableAt": 1753483202276
      }
    ],
    [
      191,
      {
        "id": 191,
        "owner": "AGUS VUELVE POR FAVOR TE AMO  MI VIDA",
        "capturedAt": 1753307042139,
        "attackableAt": 1753325042139,
        "position": null
      }
    ],
    [
      74,
      {
        "owner": "Chaos Cartel",
        "capturedAt": 1753477724843,
        "attackableAt": 1753499324843
      }
    ],
    [
      47,
      {
        "owner": "Legacy Arabic Family",
        "capturedAt": 1753464449817,
        "attackableAt": 1753486049817
      }
    ],
    [
      40,
      {
        "owner": "Ashborn Revenants",
        "capturedAt": 1753463760920,
        "attackableAt": 1753485360920
      }
    ],
    [
      241,
      {
        "owner": "Hall of Malevolence",
        "capturedAt": 1753445150311,
        "attackableAt": 1753463150311
      }
    ],
    [
      193,
      {
        "owner": "Seamless Gate",
        "capturedAt": 1753435666990,
        "attackableAt": 1753453666990
      }
    ],
    [
      196,
      {
        "owner": "Hall of Malevolence",
        "capturedAt": 1753440602324,
        "attackableAt": 1753458602324
      }
    ],
    [
      148,
      {
        "id": 148,
        "owner": "sg = dogs",
        "capturedAt": 1753385192555,
        "attackableAt": 1753403192555,
        "position": null
      }
    ],
    [
      181,
      {
        "owner": "gangsters Criminals",
        "capturedAt": 1753457289839,
        "attackableAt": 1753475289839
      }
    ],
    [
      120,
      {
        "owner": "The Cat Family",
        "capturedAt": 1753401720980,
        "attackableAt": 1753423320980
      }
    ],
    [
      229,
      {
        "owner": "The Old School",
        "capturedAt": 1753479494316,
        "attackableAt": 1753501094316
      }
    ],
    [
      235,
      {
        "owner": "Hitman Agency",
        "capturedAt": 1753402126779,
        "attackableAt": 1753423726779
      }
    ],
    [
      57,
      {
        "owner": "Legacy Arabic Family",
        "capturedAt": 1753464131604,
        "attackableAt": 1753485731604
      }
    ],
    [
      90,
      {
        "owner": "Hall of Malevolence",
        "capturedAt": 1753439326002,
        "attackableAt": 1753457326002
      }
    ],
    [
      246,
      {
        "owner": "Hall of Malevolence",
        "capturedAt": 1753437721357,
        "attackableAt": 1753455721357
      }
    ],
    [
      157,
      {
        "owner": "The Old School",
        "capturedAt": 1753479955325,
        "attackableAt": 1753501555325
      }
    ],
    [
      243,
      {
        "owner": "Nightmare Empire",
        "capturedAt": 1753480043030,
        "attackableAt": 1753501643030
      }
    ],
    [
      26,
      {
        "owner": "Chaos Cartel",
        "capturedAt": 1753480438834,
        "attackableAt": 1753502038834
      }
    ],
    [
      242,
      {
        "owner": "4FuN",
        "capturedAt": 1753457474328,
        "attackableAt": 1753475474328
      }
    ],
    [
      154,
      {
        "owner": "4FuN",
        "capturedAt": 1753469425292,
        "attackableAt": 1753491025292
      }
    ],
    [
      95,
      {
        "owner": "Hall of Malevolence",
        "capturedAt": 1753439746780,
        "attackableAt": 1753457746780
      }
    ],
    [
      141,
      {
        "owner": "Chaos Cartel",
        "capturedAt": 1753481006149,
        "attackableAt": 1753502606149
      }
    ],
    [
      83,
      {
        "owner": "Hitman Agency",
        "capturedAt": 1753448093615,
        "attackableAt": 1753466093615
      }
    ],
    [
      203,
      {
        "owner": "The Shining Stars",
        "capturedAt": 1753463555251,
        "attackableAt": 1753485155251
      }
    ],
    [
      71,
      {
        "owner": "Ashborn Revenants",
        "capturedAt": 1753464234098,
        "attackableAt": 1753485834098
      }
    ],
    [
      204,
      {
        "id": 204,
        "owner": "Nightmare Empire",
        "capturedAt": 1753288281292,
        "attackableAt": 1753306281292,
        "position": null
      }
    ],
    [
      190,
      {
        "id": 190,
        "owner": "Nightmare Empire",
        "capturedAt": 1753288894143,
        "attackableAt": 1753306894143,
        "position": null
      }
    ],
    [
      171,
      {
        "id": 171,
        "owner": "Nightmare Empire",
        "capturedAt": 1753289578566,
        "attackableAt": 1753307578566,
        "position": null
      }
    ],
    [
      0,
      {
        "owner": "gangsters Criminals",
        "capturedAt": 1753472355417,
        "attackableAt": 1753493955417
      }
    ],
    [
      11,
      {
        "owner": "The Cat Family",
        "capturedAt": 1753401841985,
        "attackableAt": 1753423441985
      }
    ],
    [
      158,
      {
        "owner": "Hitman Agency",
        "capturedAt": 1753462331549,
        "attackableAt": 1753483931549
      }
    ],
    [
      176,
      {
        "owner": "Hitman Agency",
        "capturedAt": 1753461404176,
        "attackableAt": 1753483004176
      }
    ],
    [
      91,
      {
        "owner": "Hall of Malevolence",
        "capturedAt": 1753439990482,
        "attackableAt": 1753457990482
      }
    ],
    [
      142,
      {
        "owner": "Hitman Agency",
        "capturedAt": 1753462392029,
        "attackableAt": 1753483992029
      }
    ],
    [
      143,
      {
        "owner": "Bring Them Dead",
        "capturedAt": 1753453090845,
        "attackableAt": 1753471090845
      }
    ],
    [
      253,
      {
        "owner": "Crimson Syndicate Family",
        "capturedAt": 1753463208475,
        "attackableAt": 1753484808475
      }
    ],
    [
      14,
      {
        "owner": "Hitman Agency",
        "capturedAt": 1753461541904,
        "attackableAt": 1753483141904
      }
    ],
    [
      248,
      {
        "owner": "Hitman Agency",
        "capturedAt": 1753460965491,
        "attackableAt": 1753482565491
      }
    ],
    [
      29,
      {
        "owner": "The Shining Stars",
        "capturedAt": 1753463657756,
        "attackableAt": 1753485257756
      }
    ],
    [
      137,
      {
        "owner": "Chaos Cartel",
        "capturedAt": 1753451709657,
        "attackableAt": 1753469709657
      }
    ],
    [
      111,
      {
        "owner": "Chaos Cartel",
        "capturedAt": 1753452682742,
        "attackableAt": 1753470682742
      }
    ],
    [
      80,
      {
        "owner": "Hitman Agency",
        "capturedAt": 1753399239245,
        "attackableAt": 1753420839245
      }
    ],
    [
      107,
      {
        "owner": "Seamless Gate",
        "capturedAt": 1753435181089,
        "attackableAt": 1753453181089
      }
    ],
    [
      237,
      {
        "owner": "Alpha 4 Lethal",
        "capturedAt": 1753461908088,
        "attackableAt": 1753483508088
      }
    ],
    [
      105,
      {
        "owner": "Chaos Cartel",
        "capturedAt": 1753453025178,
        "attackableAt": 1753471025178
      }
    ],
    [
      94,
      {
        "owner": "Chaos Cartel",
        "capturedAt": 1753451647745,
        "attackableAt": 1753469647745
      }
    ],
    [
      54,
      {
        "owner": "Seamless Gate",
        "capturedAt": 1753451888679,
        "attackableAt": 1753469888679
      }
    ],
    [
      43,
      {
        "owner": "Hitman Agency",
        "capturedAt": 1753461412950,
        "attackableAt": 1753483012950
      }
    ],
    [
      12,
      {
        "owner": "Seamless Gate",
        "capturedAt": 1753453580375,
        "attackableAt": 1753471580375
      }
    ],
    [
      153,
      {
        "owner": "warriorAngels",
        "capturedAt": 1753448139283,
        "attackableAt": 1753466139283
      }
    ],
    [
      65,
      {
        "owner": "Chaos Cartel",
        "capturedAt": 1753452832348,
        "attackableAt": 1753470832348
      }
    ],
    [
      23,
      {
        "owner": "Seamless Gate",
        "capturedAt": 1753453150912,
        "attackableAt": 1753471150912
      }
    ],
    [
      59,
      {
        "owner": "The Cat Family",
        "capturedAt": 1753401781521,
        "attackableAt": 1753423381521
      }
    ],
    [
      132,
      {
        "owner": "The Old School",
        "capturedAt": 1753479052315,
        "attackableAt": 1753500652315
      }
    ],
    [
      6,
      {
        "id": 6,
        "owner": "The Cat Family",
        "capturedAt": 1753291758979,
        "attackableAt": 1753309758979,
        "position": {
          "x": -588.2,
          "y": 2706,
          "z": 72.81
        }
      }
    ],
    [
      133,
      {
        "owner": "gangsters Criminals",
        "capturedAt": 1753457169219,
        "attackableAt": 1753475169219
      }
    ],
    [
      103,
      {
        "owner": "Seamless Gate",
        "capturedAt": 1753453399864,
        "attackableAt": 1753471399864
      }
    ],
    [
      82,
      {
        "owner": "4FuN",
        "capturedAt": 1753469343836,
        "attackableAt": 1753490943836
      }
    ],
    [
      56,
      {
        "owner": "Hitman Agency",
        "capturedAt": 1753461783569,
        "attackableAt": 1753483383569
      }
    ],
    [
      60,
      {
        "owner": "Hitman Agency",
        "capturedAt": 1753461475505,
        "attackableAt": 1753483075505
      }
    ],
    [
      209,
      {
        "owner": "Seamless Gate",
        "capturedAt": 1753434390333,
        "attackableAt": 1753452390333
      }
    ],
    [
      250,
      {
        "owner": "gangsters Criminals",
        "capturedAt": 1753457413787,
        "attackableAt": 1753475413787
      }
    ],
    [
      159,
      {
        "id": 159,
        "owner": "Ashborn Revenants",
        "capturedAt": 1753317723135,
        "attackableAt": 1753335723135,
        "position": null
      }
    ],
    [
      160,
      {
        "owner": "gangsters Criminals",
        "capturedAt": 1753439134611,
        "attackableAt": 1753457134611
      }
    ],
    [
      3,
      {
        "owner": "The Old School",
        "capturedAt": 1753475263428,
        "attackableAt": 1753496863428
      }
    ],
    [
      4,
      {
        "owner": "Hall of Malevolence",
        "capturedAt": 1753442106406,
        "attackableAt": 1753460106406
      }
    ],
    [
      13,
      {
        "id": 13,
        "owner": "Ashborn Revenants",
        "capturedAt": 1753318661462,
        "attackableAt": 1753336661462,
        "position": {
          "x": 2090,
          "y": 2678,
          "z": 22
        }
      }
    ],
    [
      44,
      {
        "id": 44,
        "owner": "Ashborn Revenants",
        "capturedAt": 1753318731644,
        "attackableAt": 1753336731644,
        "position": null
      }
    ],
    [
      28,
      {
        "owner": "Hall of Malevolence",
        "capturedAt": 1753443143846,
        "attackableAt": 1753461143846
      }
    ],
    [
      188,
      {
        "owner": "The Old School",
        "capturedAt": 1753479222033,
        "attackableAt": 1753500822033
      }
    ],
    [
      187,
      {
        "id": 187,
        "owner": "Ashborn Revenants",
        "capturedAt": 1753318920822,
        "attackableAt": 1753336920822,
        "position": null
      }
    ],
    [
      238,
      {
        "id": 238,
        "owner": "Ashborn Revenants",
        "capturedAt": 1753318992571,
        "attackableAt": 1753336992571,
        "position": null
      }
    ],
    [
      168,
      {
        "id": 168,
        "owner": "Ashborn Revenants",
        "capturedAt": 1753319053360,
        "attackableAt": 1753337053360,
        "position": null
      }
    ],
    [
      139,
      {
        "owner": "The Old School",
        "capturedAt": 1753474833077,
        "attackableAt": 1753496433077
      }
    ],
    [
      138,
      {
        "id": 138,
        "owner": "strong Cation Exchange",
        "capturedAt": 1753319172975,
        "attackableAt": 1753337172975,
        "position": null
      }
    ],
    [
      201,
      {
        "owner": "Hitman Agency",
        "capturedAt": 1753399479923,
        "attackableAt": 1753421079923
      }
    ],
    [
      9,
      {
        "id": 9,
        "owner": "Ashborn Revenants",
        "capturedAt": 1753319270163,
        "attackableAt": 1753337270163,
        "position": {
          "x": 574.46,
          "y": 2720,
          "z": 61.28
        }
      }
    ],
    [
      214,
      {
        "owner": "Hitman Agency",
        "capturedAt": 1753461968761,
        "attackableAt": 1753483568761
      }
    ],
    [
      198,
      {
        "owner": "Crimson Syndicate Family",
        "capturedAt": 1753463534040,
        "attackableAt": 1753485134040
      }
    ],
    [
      39,
      {
        "owner": "Chaos Cartel",
        "capturedAt": 1753481067423,
        "attackableAt": 1753502667423
      }
    ],
    [
      70,
      {
        "owner": "The Shining Stars",
        "capturedAt": 1753463720765,
        "attackableAt": 1753485320765
      }
    ],
    [
      88,
      {
        "owner": "Seamless Gate",
        "capturedAt": 1753435241316,
        "attackableAt": 1753453241316
      }
    ],
    [
      151,
      {
        "owner": "Hitman Agency",
        "capturedAt": 1753462150178,
        "attackableAt": 1753483750178
      }
    ],
    [
      182,
      {
        "owner": "Bring Them Dead",
        "capturedAt": 1753439076995,
        "attackableAt": 1753457076995
      }
    ],
    [
      239,
      {
        "owner": "The Old School",
        "capturedAt": 1753475367543,
        "attackableAt": 1753496967543
      }
    ],
    [
      172,
      {
        "owner": "Hall of Malevolence",
        "capturedAt": 1753401391127,
        "attackableAt": 1753422991127
      }
    ],
    [
      173,
      {
        "owner": "Hitman Agency",
        "capturedAt": 1753462210586,
        "attackableAt": 1753483810586
      }
    ],
    [
      252,
      {
        "owner": "Chaos Cartel",
        "capturedAt": 1753480633519,
        "attackableAt": 1753502233519
      }
    ],
    [
      161,
      {
        "owner": "The Old School",
        "capturedAt": 1753475101848,
        "attackableAt": 1753496701848
      }
    ],
    [
      113,
      {
        "owner": "Seamless Gate",
        "capturedAt": 1753458094261,
        "attackableAt": 1753476094261
      }
    ],
    [
      61,
      {
        "owner": "Seamless Gate",
        "capturedAt": 1753465896785,
        "attackableAt": 1753487496785
      }
    ],
    [
      38,
      {
        "owner": "Legacy Arabic Family",
        "capturedAt": 1753480258761,
        "attackableAt": 1753501858761
      }
    ],
    [
      234,
      {
        "owner": "Crimson Syndicate Family",
        "capturedAt": 1753462614532,
        "attackableAt": 1753484214532
      }
    ],
    [
      77,
      {
        "owner": "The Old School",
        "capturedAt": 1753480244620,
        "attackableAt": 1753501844620
      }
    ],
    [
      228,
      {
        "owner": "4FuN",
        "capturedAt": 1753464943962,
        "attackableAt": 1753486543962
      }
    ],
    [
      108,
      {
        "id": 108,
        "owner": "4FuN",
        "capturedAt": 1753357564215,
        "attackableAt": 1753375564215,
        "position": null
      }
    ],
    [
      72,
      {
        "id": 72,
        "owner": "4FuN",
        "capturedAt": 1753357625424,
        "attackableAt": 1753375625424,
        "position": null
      }
    ],
    [
      55,
      {
        "owner": "Hitman Agency",
        "capturedAt": 1753480080545,
        "attackableAt": 1753501680545
      }
    ],
    [
      186,
      {
        "owner": "Chaos Cartel",
        "capturedAt": 1753480817552,
        "attackableAt": 1753502417552
      }
    ],
    [
      185,
      {
        "owner": "Chaos Cartel",
        "capturedAt": 1753480878358,
        "attackableAt": 1753502478358
      }
    ],
    [
      184,
      {
        "owner": "The Old School",
        "capturedAt": 1753479823818,
        "attackableAt": 1753501423818
      }
    ],
    [
      130,
      {
        "owner": "gangsters Criminals",
        "capturedAt": 1753456999217,
        "attackableAt": 1753474999217
      }
    ],
    [
      227,
      {
        "owner": "Chaos Cartel",
        "capturedAt": 1753407486814,
        "attackableAt": 1753425486814
      }
    ],
    [
      99,
      {
        "owner": "Chaos Cartel",
        "capturedAt": 1753448098724,
        "attackableAt": 1753466098724
      }
    ],
    [
      115,
      {
        "owner": "gangsters Criminals",
        "capturedAt": 1753457069741,
        "attackableAt": 1753475069741
      }
    ],
    [
      128,
      {
        "owner": "Seamless Gate",
        "capturedAt": 1753434999716,
        "attackableAt": 1753452999716
      }
    ],
    [
      7,
      {
        "owner": "The Old School",
        "capturedAt": 1753479156513,
        "attackableAt": 1753500756513
      }
    ],
    [
      232,
      {
        "owner": "The Old School",
        "capturedAt": 1753479425003,
        "attackableAt": 1753501025003
      }
    ],
    [
      245,
      {
        "owner": "The Old School",
        "capturedAt": 1753479286383,
        "attackableAt": 1753500886383
      }
    ],
    [
      78,
      {
        "owner": "Chaos Cartel",
        "capturedAt": 1753480511948,
        "attackableAt": 1753502111948
      }
    ],
    [
      17,
      {
        "owner": "The Shining Stars",
        "capturedAt": 1753463326826,
        "attackableAt": 1753484926826
      }
    ],
    [
      249,
      {
        "owner": "Bring Them Dead",
        "capturedAt": 1753439806813,
        "attackableAt": 1753457806813
      }
    ],
    [
      162,
      {
        "id": 162,
        "owner": "The Cat Family",
        "capturedAt": 1753365375876,
        "attackableAt": 1753383375876,
        "position": null
      }
    ],
    [
      18,
      {
        "owner": "Lethal Killers",
        "capturedAt": 1753461012226,
        "attackableAt": 1753482612226
      }
    ],
    [
      15,
      {
        "owner": "Hall of Malevolence",
        "capturedAt": 1753399623163,
        "attackableAt": 1753421223163
      }
    ],
    [
      19,
      {
        "owner": "The Cat Family",
        "capturedAt": 1753396994223,
        "attackableAt": 1753418594223
      }
    ],
    [
      37,
      {
        "owner": "The Cat Family",
        "capturedAt": 1753396095509,
        "attackableAt": 1753417695509
      }
    ],
    [
      41,
      {
        "owner": "Seamless Gate",
        "capturedAt": 1753462880546,
        "attackableAt": 1753484480546
      }
    ],
    [
      126,
      {
        "owner": "Hall of Malevolence",
        "capturedAt": 1753400667942,
        "attackableAt": 1753422267942
      }
    ],
    [
      169,
      {
        "owner": "gangsters Criminals",
        "capturedAt": 1753456935546,
        "attackableAt": 1753474935546
      }
    ],
    [
      240,
      {
        "owner": "Chaos Cartel",
        "capturedAt": 1753480239898,
        "attackableAt": 1753501839898
      }
    ],
    [
      144,
      {
        "owner": "Chaos Cartel",
        "capturedAt": 1753476426079,
        "attackableAt": 1753498026079
      }
    ],
    [
      127,
      {
        "owner": "The Cat Family",
        "capturedAt": 1753462288339,
        "attackableAt": 1753483888339
      }
    ],
    [
      73,
      {
        "owner": "Seamless Gate",
        "capturedAt": 1753434879489,
        "attackableAt": 1753452879489
      }
    ],
    [
      97,
      {
        "owner": "Bring Them Dead",
        "capturedAt": 1753439145435,
        "attackableAt": 1753457145435
      }
    ],
    [
      230,
      {
        "owner": "Seamless Gate",
        "capturedAt": 1753453460144,
        "attackableAt": 1753471460144
      }
    ],
    [
      31,
      {
        "owner": "Hitman Agency",
        "capturedAt": 1753462452544,
        "attackableAt": 1753484052544
      }
    ],
    [
      46,
      {
        "owner": "Hall of Malevolence",
        "capturedAt": 1753439626729,
        "attackableAt": 1753457626729
      }
    ],
    [
      96,
      {
        "owner": "Hitman Agency",
        "capturedAt": 1753461073038,
        "attackableAt": 1753482673038
      }
    ],
    [
      87,
      {
        "owner": "Hitman Agency",
        "capturedAt": 1753461844138,
        "attackableAt": 1753483444138
      }
    ],
    [
      136,
      {
        "owner": "Hitman Agency",
        "capturedAt": 1753462029215,
        "attackableAt": 1753483629215
      }
    ],
    [
      109,
      {
        "owner": "The Shining Stars",
        "capturedAt": 1753463334071,
        "attackableAt": 1753484934071
      }
    ],
    [
      125,
      {
        "owner": "gangsters Criminals",
        "capturedAt": 1753438945784,
        "attackableAt": 1753456945784
      }
    ],
    [
      140,
      {
        "owner": "Lethal Killers",
        "capturedAt": 1753460159725,
        "attackableAt": 1753481759725
      }
    ],
    [
      33,
      {
        "owner": "Hitman Agency",
        "capturedAt": 1753462472769,
        "attackableAt": 1753484072769
      }
    ],
    [
      30,
      {
        "owner": "Hall of Malevolence",
        "capturedAt": 1753401575543,
        "attackableAt": 1753423175543
      }
    ],
    [
      131,
      {
        "owner": "The Old School",
        "capturedAt": 1753478885769,
        "attackableAt": 1753500485769
      }
    ],
    [
      206,
      {
        "owner": "The Shining Stars",
        "capturedAt": 1753463430248,
        "attackableAt": 1753485030248
      }
    ],
    [
      155,
      {
        "owner": "Hitman Agency",
        "capturedAt": 1753462271096,
        "attackableAt": 1753483871096
      }
    ],
    [
      149,
      {
        "owner": "Bring Them Dead",
        "capturedAt": 1753396897019,
        "attackableAt": 1753418497019
      }
    ],
    [
      179,
      {
        "owner": "Hitman Agency",
        "capturedAt": 1753462468998,
        "attackableAt": 1753484068998
      }
    ],
    [
      236,
      {
        "owner": "Crimson Syndicate Family",
        "capturedAt": 1753463039280,
        "attackableAt": 1753484639280
      }
    ],
    [
      211,
      {
        "owner": "The Old School",
        "capturedAt": 1753480344323,
        "attackableAt": 1753501944323
      }
    ],
    [
      244,
      {
        "owner": "The Old School",
        "capturedAt": 1753479353889,
        "attackableAt": 1753500953889
      }
    ],
    [
      215,
      {
        "owner": "The Old School",
        "capturedAt": 1753479695055,
        "attackableAt": 1753501295055
      }
    ],
    [
      86,
      {
        "owner": "The Old School",
        "capturedAt": 1753479889662,
        "attackableAt": 1753501489662
      }
    ]
  ],
  "cooldowns": [
    [
      221,
      1753497096279
    ],
    [
      222,
      1753463090193
    ],
    [
      21,
      1753466089119
    ],
    [
      200,
      1753483689726
    ],
    [
      216,
      1753501227882
    ],
    [
      189,
      1753484053127
    ],
    [
      75,
      1753407510640
    ],
    [
      36,
      1753453060150
    ],
    [
      27,
      1753457686745
    ],
    [
      62,
      1753406611568
    ],
    [
      194,
      1753457866838
    ],
    [
      231,
      1753457198328
    ],
    [
      152,
      1753501619782
    ],
    [
      217,
      1753501161635
    ],
    [
      98,
      1753421643436
    ],
    [
      118,
      1753456818719
    ],
    [
      45,
      1753502108683
    ],
    [
      114,
      1753474845851
    ],
    [
      134,
      1753482541710
    ],
    [
      174,
      1753423532775
    ],
    [
      129,
      1753475263280
    ],
    [
      208,
      1753421605811
    ],
    [
      122,
      1753483262722
    ],
    [
      213,
      1753502294891
    ],
    [
      205,
      1753421152079
    ],
    [
      199,
      1753502355705
    ],
    [
      123,
      1753502172597
    ],
    [
      25,
      1753421460513
    ],
    [
      251,
      1753484732032
    ],
    [
      119,
      1753470281834
    ],
    [
      255,
      1753453120596
    ],
    [
      101,
      1753422743609
    ],
    [
      81,
      1753421545798
    ],
    [
      79,
      1753422567764
    ],
    [
      93,
      1753491139056
    ],
    [
      48,
      1753422328082
    ],
    [
      2,
      1753421392977
    ],
    [
      116,
      1753482131813
    ],
    [
      225,
      1753500344387
    ],
    [
      112,
      1753457261270
    ],
    [
      104,
      1753453302870
    ],
    [
      147,
      1753422683725
    ],
    [
      24,
      1753476034208
    ],
    [
      8,
      1753422006092
    ],
    [
      254,
      1753460853547
    ],
    [
      76,
      1753486521890
    ],
    [
      5,
      1753463273131
    ],
    [
      64,
      1753407284112
    ],
    [
      212,
      1753463212690
    ],
    [
      191,
      1753325042139
    ],
    [
      74,
      1753499324843
    ],
    [
      47,
      1753486049817
    ],
    [
      40,
      1753485360920
    ],
    [
      241,
      1753463150311
    ],
    [
      193,
      1753453666990
    ],
    [
      196,
      1753458602324
    ],
    [
      148,
      1753403192555
    ],
    [
      181,
      1753475289839
    ],
    [
      120,
      1753423320980
    ],
    [
      229,
      1753501094316
    ],
    [
      235,
      1753423726779
    ],
    [
      57,
      1753485731604
    ],
    [
      90,
      1753457326002
    ],
    [
      246,
      1753455721357
    ],
    [
      157,
      1753501555325
    ],
    [
      243,
      1753501643030
    ],
    [
      26,
      1753502038834
    ],
    [
      242,
      1753475474328
    ],
    [
      154,
      1753491025292
    ],
    [
      95,
      1753457746780
    ],
    [
      141,
      1753502606149
    ],
    [
      83,
      1753466093615
    ],
    [
      203,
      1753485155251
    ],
    [
      71,
      1753485834098
    ],
    [
      204,
      1753306281292
    ],
    [
      190,
      1753306894143
    ],
    [
      171,
      1753307578566
    ],
    [
      0,
      1753493955417
    ],
    [
      11,
      1753423441985
    ],
    [
      158,
      1753483931549
    ],
    [
      176,
      1753483004176
    ],
    [
      91,
      1753457990482
    ],
    [
      142,
      1753483992029
    ],
    [
      143,
      1753471090845
    ],
    [
      253,
      1753484808475
    ],
    [
      14,
      1753483141904
    ],
    [
      248,
      1753482565491
    ],
    [
      29,
      1753485257756
    ],
    [
      137,
      1753469709657
    ],
    [
      111,
      1753470682742
    ],
    [
      80,
      1753420839245
    ],
    [
      107,
      1753453181089
    ],
    [
      237,
      1753483508088
    ],
    [
      105,
      1753471025178
    ],
    [
      94,
      1753469647745
    ],
    [
      54,
      1753469888679
    ],
    [
      43,
      1753483012950
    ],
    [
      12,
      1753471580375
    ],
    [
      153,
      1753466139283
    ],
    [
      65,
      1753470832348
    ],
    [
      23,
      1753471150912
    ],
    [
      59,
      1753423381521
    ],
    [
      132,
      1753500652315
    ],
    [
      6,
      1753309758979
    ],
    [
      133,
      1753475169219
    ],
    [
      103,
      1753471399864
    ],
    [
      82,
      1753490943836
    ],
    [
      56,
      1753483383569
    ],
    [
      60,
      1753483075505
    ],
    [
      209,
      1753452390333
    ],
    [
      250,
      1753475413787
    ],
    [
      159,
      1753335723135
    ],
    [
      67,
      1753502881244
    ],
    [
      68,
      1753475962728
    ],
    [
      89,
      1753481817665
    ],
    [
      16,
      1753496793919
    ],
    [
      226,
      1753483444535
    ],
    [
      164,
      1753486205892
    ],
    [
      195,
      1753484545617
    ],
    [
      100,
      1753482072157
    ],
    [
      50,
      1753417524591
    ],
    [
      49,
      1753469585956
    ],
    [
      51,
      1753457324297
    ],
    [
      163,
      1753459902119
    ],
    [
      180,
      1753482380686
    ],
    [
      69,
      1753481939949
    ],
    [
      165,
      1753423631383
    ],
    [
      197,
      1753501359132
    ],
    [
      167,
      1753463478895
    ],
    [
      177,
      1753460166598
    ],
    [
      160,
      1753457134611
    ],
    [
      166,
      1753502539233
    ],
    [
      150,
      1753482198944
    ],
    [
      66,
      1753482428135
    ],
    [
      146,
      1753457205632
    ],
    [
      10,
      1753457446101
    ],
    [
      178,
      1753482266594
    ],
    [
      84,
      1753469568691
    ],
    [
      1,
      1753483323238
    ],
    [
      210,
      1753408533671
    ],
    [
      219,
      1753475350429
    ],
    [
      202,
      1753457265767
    ],
    [
      53,
      1753502750880
    ],
    [
      145,
      1753463387880
    ],
    [
      32,
      1753489307729
    ],
    [
      34,
      1753407414225
    ],
    [
      35,
      1753502811956
    ],
    [
      42,
      1753475231294
    ],
    [
      175,
      1753453363266
    ],
    [
      106,
      1753483202276
    ],
    [
      13,
      1753336661462
    ],
    [
      44,
      1753336731644
    ],
    [
      28,
      1753461143846
    ],
    [
      188,
      1753500822033
    ],
    [
      187,
      1753336920822
    ],
    [
      238,
      1753336992571
    ],
    [
      168,
      1753337053360
    ],
    [
      139,
      1753496433077
    ],
    [
      138,
      1753337172975
    ],
    [
      201,
      1753421079923
    ],
    [
      9,
      1753337270163
    ],
    [
      214,
      1753483568761
    ],
    [
      198,
      1753485134040
    ],
    [
      3,
      1753496863428
    ],
    [
      39,
      1753502667423
    ],
    [
      70,
      1753485320765
    ],
    [
      88,
      1753453241316
    ],
    [
      151,
      1753483750178
    ],
    [
      182,
      1753457076995
    ],
    [
      239,
      1753496967543
    ],
    [
      172,
      1753422991127
    ],
    [
      173,
      1753483810586
    ],
    [
      252,
      1753502233519
    ],
    [
      161,
      1753496701848
    ],
    [
      113,
      1753476094261
    ],
    [
      61,
      1753487496785
    ],
    [
      38,
      1753501858761
    ],
    [
      234,
      1753484214532
    ],
    [
      77,
      1753501844620
    ],
    [
      228,
      1753486543962
    ],
    [
      108,
      1753375564215
    ],
    [
      72,
      1753375625424
    ],
    [
      55,
      1753501680545
    ],
    [
      20,
      1753454596015
    ],
    [
      186,
      1753502417552
    ],
    [
      185,
      1753502478358
    ],
    [
      184,
      1753501423818
    ],
    [
      130,
      1753474999217
    ],
    [
      4,
      1753460106406
    ],
    [
      227,
      1753425486814
    ],
    [
      99,
      1753466098724
    ],
    [
      115,
      1753475069741
    ],
    [
      128,
      1753452999716
    ],
    [
      22,
      1753470771237
    ],
    [
      7,
      1753500756513
    ],
    [
      232,
      1753501025003
    ],
    [
      245,
      1753500886383
    ],
    [
      78,
      1753502111948
    ],
    [
      17,
      1753484926826
    ],
    [
      249,
      1753457806813
    ],
    [
      162,
      1753383375876
    ],
    [
      18,
      1753482612226
    ],
    [
      15,
      1753421223163
    ],
    [
      19,
      1753418594223
    ],
    [
      170,
      1753384991078
    ],
    [
      37,
      1753417695509
    ],
    [
      41,
      1753484480546
    ],
    [
      126,
      1753422267942
    ],
    [
      169,
      1753474935546
    ],
    [
      240,
      1753501839898
    ],
    [
      144,
      1753498026079
    ],
    [
      127,
      1753483888339
    ],
    [
      73,
      1753452879489
    ],
    [
      58,
      1753452819256
    ],
    [
      97,
      1753457145435
    ],
    [
      230,
      1753471460144
    ],
    [
      31,
      1753484052544
    ],
    [
      46,
      1753457626729
    ],
    [
      96,
      1753482673038
    ],
    [
      87,
      1753483444138
    ],
    [
      136,
      1753483629215
    ],
    [
      109,
      1753484934071
    ],
    [
      125,
      1753456945784
    ],
    [
      140,
      1753481759725
    ],
    [
      33,
      1753484072769
    ],
    [
      30,
      1753423175543
    ],
    [
      131,
      1753500485769
    ],
    [
      206,
      1753485030248
    ],
    [
      155,
      1753483871096
    ],
    [
      149,
      1753418497019
    ],
    [
      179,
      1753484068998
    ],
    [
      236,
      1753484639280
    ],
    [
      211,
      1753501944323
    ],
    [
      244,
      1753500953889
    ],
    [
      215,
      1753501295055
    ],
    [
      86,
      1753501489662
    ]
  ],
  "groupTags": [
    [
      "4FuN",
      "4FuN"
    ],
    [
      "gangsters Criminals",
      "]gC["
    ],
    [
      "Seamless Gate",
      "SG"
    ],
    [
      "mK - Acta est fabula.",
      "mK"
    ],
    [
      "warriorAngels",
      "wA"
    ],
    [
      "Legacy Arabic Family",
      "LAF"
    ],
    [
      "Chaos Cartel",
      "CT"
    ],
    [
      "The Old School",
      "[OS]"
    ],
    [
      "Bring Them Dead",
      "bTd"
    ],
    [
      "Nightmare Empire",
      "nM"
    ],
    [
      "Ashborn Revenants",
      "AnR"
    ],
    [
      "The Cat Family",
      "Cat"
    ],
    [
      "Lethal Killers",
      "LK"
    ],
    [
      "Hitman Agency",
      "HA"
    ]
  ],
  "groupZones": [
    [
      "Chaos Cartel",
      [
        2,
        93,
        81,
        79,
        75,
        74,
        49,
        48,
        11,
        219,
        24,
        26,
        62,
        57,
        95,
        76,
        64,
        90,
        34,
        248,
        202,
        132,
        94,
        56,
        210,
        59,
        20,
        253,
        246,
        154,
        82,
        70,
        231,
        200,
        251,
        109,
        125,
        216,
        232,
        245,
        213,
        229,
        199,
        184,
        185,
        186,
        137,
        227,
        123,
        21,
        244,
        215,
        99,
        152,
        197,
        119,
        55,
        217,
        7,
        111,
        22,
        65,
        157,
        131,
        105
      ]
    ],
    [
      "ashborn revenants",
      [
        1,
        8,
        59,
        250,
        169,
        73,
        50,
        16,
        27,
        33,
        196,
        189,
        164,
        163,
        38,
        80,
        198,
        2,
        93,
        81,
        5,
        241,
        222,
        212,
        174,
        32,
        235,
        145,
        166,
        51,
        14,
        176,
        173,
        158,
        142,
        136,
        122,
        106,
        87,
        60,
        214,
        151,
        31,
        155,
        144,
        40,
        71
      ]
    ],
    [
      "hitman agency",
      [
        129,
        251,
        255,
        240,
        127,
        209,
        58,
        125,
        146,
        10,
        89,
        100,
        69,
        226,
        177,
        160,
        178,
        197,
        195,
        84,
        66,
        140,
        150,
        180,
        51,
        40,
        143,
        50,
        16,
        41,
        17,
        196,
        189,
        164,
        163,
        38,
        80,
        198,
        201,
        205,
        2,
        81,
        98,
        222,
        241,
        212,
        5,
        145,
        32,
        235,
        83,
        248,
        96,
        176,
        43,
        60,
        14,
        106,
        122,
        1,
        56,
        87,
        214,
        136,
        200,
        151,
        173,
        155,
        158,
        142,
        31,
        179,
        33,
        55
      ]
    ],
    [
      "bank of united islands",
      []
    ],
    [
      "seamless gate",
      [
        221,
        25,
        98,
        148,
        133,
        12,
        193,
        114,
        157,
        17,
        3,
        70,
        200,
        15,
        19,
        67,
        231,
        170,
        37,
        41,
        126,
        8,
        208,
        161,
        74,
        48,
        129,
        250,
        169,
        209,
        58,
        240,
        255,
        127,
        73,
        76,
        36,
        236,
        228,
        28,
        139,
        93,
        79,
        165,
        128,
        107,
        88,
        104,
        175,
        84,
        54,
        23,
        103,
        230,
        24,
        113,
        61
      ]
    ],
    [
      "the cat family",
      [
        162,
        210,
        37,
        19,
        25,
        120,
        59,
        11,
        174,
        127
      ]
    ],
    [
      "lethal killers",
      [
        35,
        23,
        107,
        53,
        175,
        42,
        253,
        20,
        45,
        104,
        154,
        181,
        216,
        217,
        225,
        242,
        243,
        246,
        240,
        140,
        89,
        69,
        100,
        116,
        150,
        178,
        180,
        134,
        18
      ]
    ],
    [
      "warriorangels",
      [
        203,
        29,
        70,
        206,
        93,
        167,
        153,
        0
      ]
    ],
    [
      "bring them dead",
      [
        60,
        25,
        98,
        46,
        29,
        96,
        176,
        206,
        203,
        237,
        136,
        18,
        142,
        87,
        14,
        106,
        122,
        158,
        173,
        151,
        31,
        155,
        214,
        149,
        179,
        239,
        39,
        252,
        221,
        71,
        182,
        97,
        141,
        74,
        161,
        234,
        211,
        249,
        194,
        77,
        78,
        16,
        123,
        166,
        143,
        186,
        185,
        199,
        3,
        213
      ]
    ],
    [
      "goteijusantai'",
      [
        166
      ]
    ],
    [
      "hall of malevolence",
      [
        228,
        151,
        173,
        252,
        60,
        18,
        29,
        31,
        46,
        96,
        87,
        214,
        237,
        136,
        15,
        161,
        208,
        8,
        74,
        126,
        48,
        182,
        239,
        234,
        194,
        147,
        101,
        97,
        249,
        71,
        172,
        77,
        78,
        30,
        39,
        221,
        246,
        146,
        202,
        90,
        10,
        27,
        95,
        91,
        196,
        163,
        4,
        177,
        28,
        222,
        241,
        212,
        5,
        145
      ]
    ],
    [
      "tokyo yakuzami famillia",
      []
    ],
    [
      "crimson syndicate family",
      [
        129,
        114,
        225,
        234,
        195,
        236,
        251,
        253,
        198
      ]
    ],
    [
      "4fun",
      [
        234,
        77,
        108,
        72,
        83,
        55,
        4,
        99,
        147,
        71,
        78,
        39,
        182,
        239,
        172,
        249,
        144,
        97,
        230,
        1,
        194,
        30,
        20,
        253,
        251,
        254,
        242,
        228,
        32,
        82,
        154,
        45
      ]
    ],
    [
      "heavenly court",
      []
    ],
    [
      "the 3 summers",
      []
    ],
    [
      "nightmare empire",
      [
        243
      ]
    ],
    [
      "the crazy family",
      [
        199,
        184,
        185,
        186,
        137,
        123,
        105,
        103,
        65,
        22,
        7,
        232,
        245,
        229,
        213,
        227,
        111,
        118,
        134,
        116,
        91,
        89,
        69,
        226,
        160
      ]
    ],
    [
      "sinalfa",
      []
    ],
    [
      "the shining stars",
      [
        120,
        17,
        109,
        206,
        203,
        29,
        70
      ]
    ],
    [
      "agus vuelve por favor te amo  mi vida",
      []
    ],
    [
      "ticket 2 hell [t2h]",
      []
    ],
    [
      "lcn - specialists organization",
      [
        3,
        39,
        70,
        88,
        151,
        182,
        239,
        172,
        173,
        252,
        243,
        242,
        225,
        217,
        216,
        181,
        175,
        107,
        104,
        53,
        45,
        42,
        35,
        23,
        24,
        130,
        128,
        115
      ]
    ],
    [
      "strong cation exchange",
      []
    ],
    [
      "catharsis empire",
      [
        164,
        163,
        189,
        134,
        96,
        18
      ]
    ],
    [
      "gangsters Criminals",
      [
        212,
        161,
        113,
        112,
        5,
        43,
        241,
        134,
        61,
        152,
        120,
        119,
        208,
        222,
        194,
        118,
        40,
        36,
        165,
        116,
        219,
        94,
        62,
        26,
        57,
        132,
        64,
        49,
        34,
        75,
        177,
        197,
        195,
        84,
        67,
        154,
        125,
        82,
        160,
        231,
        51,
        114,
        169,
        130,
        115,
        133,
        42,
        181,
        250,
        68,
        35,
        53,
        76
      ]
    ],
    [
      "**",
      [
        38,
        226,
        43,
        17,
        179,
        33,
        189,
        109
      ]
    ],
    [
      "makkuro",
      [
        235,
        137,
        103,
        145,
        32,
        65,
        82,
        186,
        185,
        184,
        199,
        130,
        213,
        229,
        227,
        115,
        128,
        105,
        22,
        7,
        111
      ]
    ],
    [
      "sg = dogs",
      [
        232,
        245,
        123,
        157,
        12,
        148,
        131,
        133,
        114,
        68,
        193,
        113
      ]
    ],
    [
      "starboy famiglia",
      [
        88
      ]
    ],
    [
      "edp",
      [
        109,
        66
      ]
    ],
    [
      "the old school",
      [
        112,
        43,
        61,
        95,
        10,
        100,
        146,
        90,
        202,
        178,
        140,
        150,
        66,
        180,
        27,
        33,
        139,
        161,
        16,
        3,
        239,
        221,
        225,
        131,
        132,
        7,
        188,
        245,
        244,
        232,
        229,
        217,
        216,
        215,
        197,
        184,
        86,
        157,
        152,
        77,
        211
      ]
    ],
    [
      "dear god make everyone die",
      [
        83,
        99
      ]
    ],
    [
      "bank of san fierro",
      [
        240,
        250,
        219,
        169,
        115,
        130,
        243,
        242,
        181,
        133,
        24,
        42,
        53,
        68,
        35,
        113,
        45,
        140,
        89
      ]
    ],
    [
      "- bank of united islands -",
      [
        69,
        100,
        116,
        150,
        178,
        180
      ]
    ],
    [
      "legacy arabic family",
      [
        40,
        41,
        139,
        228,
        26,
        45,
        57,
        47,
        164,
        38
      ]
    ],
    [
      "cin - c a r p i n c h o s",
      [
        32
      ]
    ],
    [
      "alpha 4 lethal",
      [
        237
      ]
    ],
    [
      "mk - acta est fabula.",
      [
        93
      ]
    ],
    [
      "gangsters criminals",
      [
        0
      ]
    ],
    [
      "chaos cartel",
      [
        144,
        74,
        240,
        26,
        78,
        123,
        252,
        213,
        199,
        186,
        185,
        166,
        141,
        39,
        53,
        35,
        67
      ]
    ]
  ],
  "zoneCycles": [
    [
      "sg = dogs:hc",
      3
    ],
    [
      "ashborn revenants:anr",
      2
    ],
    [
      "4fun:4fun",
      1
    ],
    [
      "hitman agency:ha",
      1
    ],
    [
      "hitman agency:HA",
      2
    ],
    [
      "goteijusantai':g13",
      0
    ],
    [
      "bring them dead:btd",
      1
    ],
    [
      "gangsters criminals:]gc[",
      3
    ],
    [
      "lcn - specialists organization:lcn",
      0
    ],
    [
      "chaos cartel:ct",
      1
    ],
    [
      "seamless gate:sg",
      1
    ],
    [
      "seamless gate:SG",
      1
    ]
  ],
  "activeWars": [
    [
      "seamless gate",
      "4FuN"
    ],
    [
      "mk - acta est fabula.",
      "warriorAngels"
    ]
  ],
  "lockedAttacks": []
}